{
  "project_info": {
    "project_number": "150577640774",
    "firebase_url": "https://school-management-428c8.firebaseio.com",
    "project_id": "school-management-428c8",
    "storage_bucket": "school-management-428c8.appspot.com"
  },
  "client": [
    {
      "client_info": {
        "mobilesdk_app_id": "1:150577640774:android:36d51506c24db0e4b86147",
        "android_client_info": {
          "package_name": "com.example.school_management"
        }
      },
      "oauth_client": [
        {
          "client_id": "150577640774-t2l9bah07q9iq7dkc8de5f7e4iijnqs1.apps.googleusercontent.com",
          "client_type": 1,
          "android_info": {
            "package_name": "com.example.school_management",
            "certificate_hash": "aeeddf3669bba70d871ffa1d33adbdd27ca0742b"
          }
        },
        {
          "client_id": "150577640774-15vaomib4m1b76vkb0beevrijicm8ib6.apps.googleusercontent.com",
          "client_type": 3
        }
      ],
      "api_key": [
        {
          "current_key": "AIzaSyA60pkGfdMMa1kvWIrtycWbtkGP48aVpf0"
        }
      ],
      "services": {
        "appinvite_service": {
          "other_platform_oauth_client": [
            {
              "client_id": "150577640774-15vaomib4m1b76vkb0beevrijicm8ib6.apps.googleusercontent.com",
              "client_type": 3
            }
          ]
        }
      }
    }
  ],
  "configuration_version": "1"
}